timestamp,server_name,cpu_percent,memory_percent,disk_usage_percent,network_in_mbps,network_out_mbps,disk_io_read,disk_io_write,status
2025-01-15 08:00:00,web-server-01,36.8,38.7,50.5,183.0,101.5,650,838,healthy
2025-01-15 08:00:00,db-server-01,95.0,36.5,52.3,60.2,66.4,558,127,critical
2025-01-15 08:00:00,app-server-01,32.5,72.3,59.6,189.1,40.9,886,838,healthy
2025-01-15 08:00:00,cache-server-01,38.3,44.3,55.7,93.0,15.8,933,528,healthy
2025-01-15 08:05:00,web-server-01,27.9,41.6,25.0,78.2,18.9,703,563,healthy
2025-01-15 08:05:00,db-server-01,59.2,34.6,41.8,189.0,71.7,1037,934,healthy
2025-01-15 08:05:00,app-server-01,42.3,61.8,36.8,46.3,140.5,97,460,healthy
2025-01-15 08:05:00,cache-server-01,5.0,45.7,25.0,73.0,139.2,750,248,healthy
2025-01-15 08:10:00,web-server-01,28.7,42.9,56.0,165.7,49.0,982,815,healthy
2025-01-15 08:10:00,db-server-01,54.5,38.7,59.9,174.2,16.4,1225,943,healthy
2025-01-15 08:10:00,app-server-01,17.3,68.4,38.5,150.0,141.2,1080,303,healthy
2025-01-15 08:10:00,cache-server-01,13.8,22.8,48.9,151.2,29.2,441,56,healthy
2025-01-15 08:15:00,web-server-01,55.9,33.4,69.8,10.2,85.4,1121,246,healthy
2025-01-15 08:15:00,db-server-01,56.3,30.8,34.7,80.8,97.1,998,752,healthy
2025-01-15 08:15:00,app-server-01,24.5,73.6,64.3,198.7,59.6,1121,176,healthy
2025-01-15 08:15:00,cache-server-01,47.0,16.6,66.7,128.1,50.0,309,947,healthy
2025-01-15 08:20:00,web-server-01,45.1,28.9,40.9,104.0,96.1,721,732,healthy
2025-01-15 08:20:00,db-server-01,59.4,50.4,95.0,48.4,53.3,1115,425,critical
2025-01-15 08:20:00,app-server-01,20.6,60.3,52.9,193.1,77.2,197,790,healthy
2025-01-15 08:20:00,cache-server-01,16.7,29.7,25.0,194.1,79.6,1070,930,healthy
2025-01-15 08:25:00,web-server-01,12.9,35.5,82.5,12.0,100.7,329,209,warning
2025-01-15 08:25:00,db-server-01,48.2,49.3,27.3,63.9,133.8,513,634,healthy
2025-01-15 08:25:00,app-server-01,31.6,54.4,48.4,143.7,47.1,1408,464,healthy
2025-01-15 08:25:00,cache-server-01,50.1,31.7,84.1,43.4,57.4,205,716,warning
2025-01-15 08:30:00,web-server-01,63.4,27.3,41.7,110.3,65.9,54,113,healthy
2025-01-15 08:30:00,db-server-01,83.4,42.9,38.4,191.7,66.0,1262,574,warning
2025-01-15 08:30:00,app-server-01,17.2,73.8,69.6,139.0,35.8,1071,188,healthy
2025-01-15 08:30:00,cache-server-01,28.9,36.9,78.8,104.4,86.5,415,848,healthy
2025-01-15 08:35:00,web-server-01,41.8,53.6,47.8,107.4,42.7,348,622,healthy
2025-01-15 08:35:00,db-server-01,48.3,44.7,55.3,41.6,117.6,743,728,healthy
2025-01-15 08:35:00,app-server-01,41.7,82.9,54.2,30.7,73.4,471,624,warning
2025-01-15 08:35:00,cache-server-01,38.6,49.0,32.0,47.3,105.2,1149,247,healthy
2025-01-15 08:40:00,web-server-01,33.9,35.1,63.7,114.4,49.3,488,815,healthy
2025-01-15 08:40:00,db-server-01,69.8,53.6,44.1,48.0,134.6,1104,277,healthy
2025-01-15 08:40:00,app-server-01,53.1,58.3,57.7,44.2,88.3,309,559,healthy
2025-01-15 08:40:00,cache-server-01,36.7,40.3,85.8,38.1,70.3,848,415,warning
2025-01-15 08:45:00,web-server-01,52.8,59.5,46.6,171.7,57.5,147,194,healthy
2025-01-15 08:45:00,db-server-01,41.7,48.2,32.7,196.2,129.4,273,421,healthy
2025-01-15 08:45:00,app-server-01,32.4,70.4,87.5,44.8,149.2,1413,837,warning
2025-01-15 08:45:00,cache-server-01,47.0,27.8,31.4,199.6,55.4,302,32,healthy
2025-01-15 08:50:00,web-server-01,44.8,31.4,86.4,97.9,121.8,338,122,warning
2025-01-15 08:50:00,db-server-01,56.3,55.4,56.0,66.7,109.8,936,495,healthy
2025-01-15 08:50:00,app-server-01,35.6,82.4,95.0,73.8,148.7,1260,651,critical
2025-01-15 08:50:00,cache-server-01,16.9,24.7,47.7,81.0,63.5,743,562,healthy
2025-01-15 08:55:00,web-server-01,37.1,30.8,60.1,93.4,81.5,974,421,healthy
2025-01-15 08:55:00,db-server-01,33.9,34.3,95.0,134.0,23.2,229,595,critical
2025-01-15 08:55:00,app-server-01,31.7,68.4,45.8,106.9,113.8,970,761,healthy
2025-01-15 08:55:00,cache-server-01,39.9,47.3,61.0,145.4,53.0,694,745,healthy
2025-01-15 09:00:00,web-server-01,46.1,18.7,60.4,145.6,32.4,373,299,healthy
2025-01-15 09:00:00,db-server-01,86.2,51.8,64.2,127.6,98.7,322,438,critical
2025-01-15 09:00:00,app-server-01,50.3,82.0,71.1,113.3,19.8,905,138,warning
2025-01-15 09:00:00,cache-server-01,26.4,37.0,50.9,194.6,54.7,98,423,healthy
2025-01-15 09:05:00,web-server-01,19.1,15.0,57.2,182.3,81.5,426,536,healthy
2025-01-15 09:05:00,db-server-01,48.9,52.4,90.3,63.0,81.5,211,990,critical
2025-01-15 09:05:00,app-server-01,29.2,89.4,36.2,190.9,7.8,776,691,critical
2025-01-15 09:05:00,cache-server-01,39.8,28.2,54.6,101.7,61.9,1389,574,healthy
2025-01-15 09:10:00,web-server-01,40.9,21.3,83.7,82.9,9.8,426,548,warning
2025-01-15 09:10:00,db-server-01,41.9,49.1,29.8,180.3,55.5,738,124,healthy
2025-01-15 09:10:00,app-server-01,23.4,82.4,66.3,92.1,94.0,1029,362,warning
2025-01-15 09:10:00,cache-server-01,21.6,29.5,65.9,139.1,46.2,737,575,healthy
2025-01-15 09:15:00,web-server-01,25.7,32.6,69.0,187.5,68.6,748,518,healthy
2025-01-15 09:15:00,db-server-01,38.8,40.5,39.9,25.8,95.4,1469,916,healthy
2025-01-15 09:15:00,app-server-01,13.1,64.3,51.9,194.0,124.1,784,637,healthy
2025-01-15 09:15:00,cache-server-01,9.1,15.0,80.1,56.7,18.6,315,948,warning
2025-01-15 09:20:00,web-server-01,42.5,44.6,70.4,82.5,12.4,868,633,healthy
2025-01-15 09:20:00,db-server-01,72.2,65.4,34.6,121.9,148.9,158,392,healthy
2025-01-15 09:20:00,app-server-01,13.6,54.0,75.7,123.1,49.0,568,498,healthy
2025-01-15 09:20:00,cache-server-01,57.3,42.4,69.6,119.1,125.9,304,417,healthy
2025-01-15 09:25:00,web-server-01,41.3,33.3,55.0,161.7,127.4,829,300,healthy
2025-01-15 09:25:00,db-server-01,39.8,36.8,75.6,70.2,143.8,879,676,healthy
2025-01-15 09:25:00,app-server-01,50.9,84.0,56.1,131.1,14.7,1191,227,warning
2025-01-15 09:25:00,cache-server-01,11.7,37.3,28.2,59.2,109.7,82,135,healthy
2025-01-15 09:30:00,web-server-01,34.0,33.8,71.8,183.6,50.6,362,73,healthy
2025-01-15 09:30:00,db-server-01,76.3,62.0,46.4,68.9,27.0,533,942,warning
2025-01-15 09:30:00,app-server-01,47.4,73.5,28.9,182.8,142.0,1432,52,healthy
2025-01-15 09:30:00,cache-server-01,7.7,37.2,69.1,62.0,127.0,905,289,healthy
2025-01-15 09:35:00,web-server-01,47.3,15.0,53.4,121.1,117.3,1385,827,healthy
2025-01-15 09:35:00,db-server-01,62.9,57.5,62.5,172.5,58.8,686,759,healthy
2025-01-15 09:35:00,app-server-01,6.4,47.3,55.2,103.2,123.7,1388,969,healthy
2025-01-15 09:35:00,cache-server-01,26.9,24.4,42.4,74.0,45.5,1358,327,healthy
2025-01-15 09:40:00,web-server-01,27.9,48.0,73.8,175.6,137.5,593,953,healthy
2025-01-15 09:40:00,db-server-01,40.2,51.2,51.7,163.8,93.7,1297,481,healthy
2025-01-15 09:40:00,app-server-01,16.5,70.1,75.9,118.2,23.0,1404,423,healthy
2025-01-15 09:40:00,cache-server-01,10.4,32.2,72.6,149.6,136.7,1392,442,healthy
2025-01-15 09:45:00,web-server-01,36.6,37.4,83.3,80.7,43.9,1198,533,warning
2025-01-15 09:45:00,db-server-01,60.4,44.0,60.1,75.2,49.8,593,78,healthy
2025-01-15 09:45:00,app-server-01,25.6,75.2,65.7,82.4,148.4,391,704,warning
2025-01-15 09:45:00,cache-server-01,16.2,45.9,34.0,114.3,31.9,439,933,healthy
2025-01-15 09:50:00,web-server-01,45.0,19.9,40.4,52.3,80.0,532,981,healthy
2025-01-15 09:50:00,db-server-01,53.3,44.0,72.3,112.3,108.5,1274,770,healthy
2025-01-15 09:50:00,app-server-01,15.2,78.4,33.9,121.6,133.9,1032,971,warning
2025-01-15 09:50:00,cache-server-01,15.3,40.7,77.9,136.3,80.6,928,735,healthy
2025-01-15 09:55:00,web-server-01,29.0,25.5,90.3,94.6,60.7,801,457,critical
2025-01-15 09:55:00,db-server-01,86.9,55.3,62.0,97.8,70.5,601,581,critical
2025-01-15 09:55:00,app-server-01,15.4,86.7,70.1,64.1,20.2,987,744,critical
2025-01-15 09:55:00,cache-server-01,24.8,43.9,56.2,104.1,82.2,109,681,healthy
2025-01-15 10:00:00,web-server-01,42.7,34.7,75.5,112.7,123.1,1065,225,healthy
2025-01-15 10:00:00,db-server-01,64.1,55.2,53.3,95.4,140.0,176,900,healthy
2025-01-15 10:00:00,app-server-01,41.4,63.2,95.0,49.1,32.1,556,467,critical
2025-01-15 10:00:00,cache-server-01,53.5,33.1,60.3,133.2,83.4,159,69,healthy
2025-01-15 10:05:00,web-server-01,44.4,54.1,73.2,120.8,134.5,419,303,healthy
2025-01-15 10:05:00,db-server-01,48.1,41.4,72.4,123.3,124.8,160,905,healthy
2025-01-15 10:05:00,app-server-01,34.3,73.4,61.8,84.7,58.3,1192,594,healthy
2025-01-15 10:05:00,cache-server-01,32.7,54.4,50.4,111.8,115.4,310,65,healthy
2025-01-15 10:10:00,web-server-01,5.0,40.9,25.0,76.9,73.5,716,316,healthy
2025-01-15 10:10:00,db-server-01,50.5,42.0,47.6,163.8,27.9,1114,106,healthy
2025-01-15 10:10:00,app-server-01,23.8,90.0,55.5,100.7,76.1,1348,619,critical
2025-01-15 10:10:00,cache-server-01,38.2,32.5,55.2,160.6,126.6,598,95,healthy
2025-01-15 10:15:00,web-server-01,34.5,40.7,38.0,118.6,117.4,778,438,healthy
2025-01-15 10:15:00,db-server-01,69.8,55.4,34.1,172.3,118.8,241,283,healthy
2025-01-15 10:15:00,app-server-01,25.6,73.8,64.2,171.1,130.9,772,682,healthy
2025-01-15 10:15:00,cache-server-01,36.9,49.1,92.4,183.0,97.5,359,607,critical
2025-01-15 10:20:00,web-server-01,48.8,48.7,59.2,59.6,131.6,1180,429,healthy
2025-01-15 10:20:00,db-server-01,63.0,56.1,46.8,148.9,88.9,618,218,healthy
2025-01-15 10:20:00,app-server-01,18.4,82.3,60.0,155.7,109.7,944,863,warning
2025-01-15 10:20:00,cache-server-01,34.0,50.5,95.0,30.5,87.6,1301,248,critical
2025-01-15 10:25:00,web-server-01,34.3,39.6,75.2,87.7,85.1,1489,192,healthy
2025-01-15 10:25:00,db-server-01,57.3,58.5,62.5,32.0,74.9,1312,440,healthy
2025-01-15 10:25:00,app-server-01,42.2,72.4,79.5,108.2,11.2,428,135,healthy
2025-01-15 10:25:00,cache-server-01,5.0,41.8,25.0,112.6,84.9,654,193,healthy
2025-01-15 10:30:00,web-server-01,5.0,36.6,36.7,41.5,105.1,1054,451,healthy
2025-01-15 10:30:00,db-server-01,59.9,56.8,46.1,94.0,31.9,1326,817,healthy
2025-01-15 10:30:00,app-server-01,17.5,61.1,69.8,178.7,113.9,82,463,healthy
2025-01-15 10:30:00,cache-server-01,51.4,27.0,55.7,133.6,67.3,1463,814,healthy
2025-01-15 10:35:00,web-server-01,49.1,29.5,62.6,55.8,70.7,1410,791,healthy
2025-01-15 10:35:00,db-server-01,51.1,62.3,77.2,78.7,111.2,123,403,healthy
2025-01-15 10:35:00,app-server-01,33.2,83.2,33.8,124.5,62.7,161,271,warning
2025-01-15 10:35:00,cache-server-01,14.7,32.7,57.2,166.1,111.8,1046,627,healthy
2025-01-15 10:40:00,web-server-01,45.7,43.6,31.7,37.2,28.9,200,963,healthy
2025-01-15 10:40:00,db-server-01,67.7,34.7,87.6,89.2,134.3,723,756,warning
2025-01-15 10:40:00,app-server-01,52.9,47.6,25.0,14.3,91.9,513,313,healthy
2025-01-15 10:40:00,cache-server-01,44.1,39.0,69.1,175.0,99.0,1358,962,healthy
2025-01-15 10:45:00,web-server-01,74.1,20.8,95.0,126.1,112.1,652,110,critical
2025-01-15 10:45:00,db-server-01,88.8,37.7,43.6,119.2,103.8,730,47,critical
2025-01-15 10:45:00,app-server-01,24.0,41.3,55.9,181.8,96.1,864,544,healthy
2025-01-15 10:45:00,cache-server-01,25.3,30.9,51.4,113.0,131.5,1221,805,healthy
2025-01-15 10:50:00,web-server-01,36.7,32.3,60.1,134.4,60.2,100,427,healthy
2025-01-15 10:50:00,db-server-01,62.8,41.4,48.7,182.9,117.5,61,371,healthy
2025-01-15 10:50:00,app-server-01,48.2,66.5,67.2,125.3,126.4,767,650,healthy
2025-01-15 10:50:00,cache-server-01,24.5,56.7,58.6,190.9,55.3,713,783,healthy
2025-01-15 10:55:00,web-server-01,53.6,44.9,58.4,89.3,61.0,1377,222,healthy
2025-01-15 10:55:00,db-server-01,51.9,90.0,64.2,80.2,30.9,1135,559,critical
2025-01-15 10:55:00,app-server-01,22.9,67.9,75.0,64.1,98.4,573,452,healthy
2025-01-15 10:55:00,cache-server-01,15.9,44.4,95.0,74.3,96.9,1162,540,critical
2025-01-15 11:00:00,web-server-01,45.9,19.1,64.1,68.9,95.8,189,492,healthy
2025-01-15 11:00:00,db-server-01,31.7,55.4,92.5,124.8,139.2,196,240,critical
2025-01-15 11:00:00,app-server-01,39.1,54.4,41.0,155.6,48.2,102,493,healthy
2025-01-15 11:00:00,cache-server-01,21.1,34.9,67.2,12.6,107.5,1313,993,healthy
2025-01-15 11:05:00,web-server-01,52.7,17.2,80.3,50.3,67.7,1213,229,warning
2025-01-15 11:05:00,db-server-01,95.0,64.2,48.4,38.3,107.3,1385,467,critical
2025-01-15 11:05:00,app-server-01,35.6,78.0,85.3,123.8,131.6,197,769,warning
2025-01-15 11:05:00,cache-server-01,58.7,37.0,54.1,177.7,41.8,1304,459,healthy
2025-01-15 11:10:00,web-server-01,57.6,31.5,41.3,67.4,84.9,1090,657,healthy
2025-01-15 11:10:00,db-server-01,72.3,60.0,85.3,35.8,20.7,958,756,warning
2025-01-15 11:10:00,app-server-01,30.3,70.2,84.1,31.2,119.2,356,119,warning
2025-01-15 11:10:00,cache-server-01,37.6,43.4,56.4,138.9,42.2,1141,240,healthy
2025-01-15 11:15:00,web-server-01,52.3,24.1,25.0,150.7,54.0,1069,336,healthy
2025-01-15 11:15:00,db-server-01,46.7,57.5,49.9,124.8,100.6,1488,746,healthy
2025-01-15 11:15:00,app-server-01,5.0,78.9,95.0,171.9,99.9,1236,232,critical
2025-01-15 11:15:00,cache-server-01,36.5,43.7,83.6,58.5,36.2,900,575,warning
2025-01-15 11:20:00,web-server-01,70.6,24.1,86.1,174.6,117.7,63,621,warning
2025-01-15 11:20:00,db-server-01,59.2,32.0,40.6,183.8,46.7,52,146,healthy
2025-01-15 11:20:00,app-server-01,52.1,66.7,68.0,33.9,144.2,368,574,healthy
2025-01-15 11:20:00,cache-server-01,51.1,25.5,25.0,102.8,78.5,183,196,healthy
2025-01-15 11:25:00,web-server-01,70.3,58.9,88.0,147.7,19.1,136,823,warning
2025-01-15 11:25:00,db-server-01,42.6,48.1,95.0,34.5,20.9,657,777,critical
2025-01-15 11:25:00,app-server-01,33.8,78.0,45.9,114.8,31.6,1396,539,warning
2025-01-15 11:25:00,cache-server-01,16.9,34.4,58.8,130.5,121.6,1149,114,healthy
2025-01-15 11:30:00,web-server-01,38.7,35.8,30.0,168.8,24.1,1183,54,healthy
2025-01-15 11:30:00,db-server-01,68.5,44.1,28.6,112.6,21.6,583,704,healthy
2025-01-15 11:30:00,app-server-01,21.1,60.5,53.2,43.4,5.5,1192,427,healthy
2025-01-15 11:30:00,cache-server-01,18.8,54.3,77.6,61.5,36.5,372,934,healthy
2025-01-15 11:35:00,web-server-01,69.4,31.5,75.1,18.6,129.0,1320,844,healthy
2025-01-15 11:35:00,db-server-01,64.8,61.2,60.0,50.9,30.6,644,606,healthy
2025-01-15 11:35:00,app-server-01,29.6,42.6,58.1,120.8,88.7,1475,55,healthy
2025-01-15 11:35:00,cache-server-01,18.4,32.6,25.0,34.2,39.1,460,941,healthy
2025-01-15 11:40:00,web-server-01,32.7,35.5,27.1,18.6,89.1,780,54,healthy
2025-01-15 11:40:00,db-server-01,46.9,42.7,65.8,169.1,122.4,1323,784,healthy
2025-01-15 11:40:00,app-server-01,49.6,65.0,51.2,155.7,98.5,196,59,healthy
2025-01-15 11:40:00,cache-server-01,33.1,15.0,58.3,113.0,105.0,490,746,healthy
2025-01-15 11:45:00,web-server-01,18.8,73.3,54.0,137.0,53.2,1117,648,healthy
2025-01-15 11:45:00,db-server-01,48.3,48.5,61.3,40.4,54.8,1286,112,healthy
2025-01-15 11:45:00,app-server-01,35.7,60.1,66.5,129.6,42.5,516,967,healthy
2025-01-15 11:45:00,cache-server-01,33.3,29.4,51.6,97.0,105.7,1049,771,healthy
2025-01-15 11:50:00,web-server-01,60.5,25.0,42.4,12.5,20.6,1316,193,healthy
2025-01-15 11:50:00,db-server-01,78.8,56.7,50.2,134.3,92.5,990,262,warning
2025-01-15 11:50:00,app-server-01,44.7,80.3,68.5,123.9,144.0,1421,397,warning
2025-01-15 11:50:00,cache-server-01,12.1,35.0,67.7,103.0,147.3,734,284,healthy
2025-01-15 11:55:00,web-server-01,58.5,53.0,78.6,19.4,13.7,877,611,healthy
2025-01-15 11:55:00,db-server-01,44.5,27.2,52.8,80.8,143.0,993,762,healthy
2025-01-15 11:55:00,app-server-01,26.4,59.3,65.4,156.4,66.4,754,265,healthy
2025-01-15 11:55:00,cache-server-01,36.6,54.6,82.1,178.4,118.3,54,614,warning
